Intent Date,Intent Category,VIsit type - Intent drill down,Website
12/06/2024,Gartner,Commission Category,lpt.com
12/09/2024,Gartner,Commission Category,anthology.com
12/09/2024,Gartner,Commission Category,bohlerengineering.com
12/06/2024,ZoomIntent,Product Category,allina.com
12/06/2024,ZoomIntent,Sales Incentives,columbiabankonline.com
12/06/2024,ZoomIntent,Sales Incentives,duluthtrading.com
12/06/2024,ZoomIntent,Product Category,hammondlumber.com
12/06/2024,ZoomIntent,Sales Incentives,marimedinc.com
12/06/2024,ZoomIntent,Sales Incentives,mastersgalleryfoods.com
12/06/2024,ZoomIntent,Product Category,olddominioninvesting.com
12/06/2024,ZoomIntent,Sales Incentives,pagny.org
12/06/2024,ZoomIntent,Sales Incentives,prosegur.us
12/06/2024,ZoomIntent,Sales Incentives,restorixhealth.com
12/06/2024,ZoomIntent,Sales Incentives,sjchs.org
12/06/2024,ZoomIntent,Sales Incentives,stmaryskids.org
12/06/2024,ZoomIntent,Sales Incentives,tennesseetitans.com
12/06/2024,ZoomIntent,Sales Incentives,walbridge.com
12/06/2024,ZoomIntent,Sales Incentives,wbmason.com
12/06/2024,Websights,LP - Sales Commission Software - Gartner,coreio.com
12/06/2024,Websights,LP - Sales Commission Software - Brand,aprio.com
12/06/2024,Websights,Buyers Guide to Sales Commissions,payoneer.com
12/06/2024,Websights,Sales - Landing page,dynatrace.com
12/06/2024,Websights,Book a demo,snorkel.ai
12/06/2024,Warmly,Everstage - About,workday.com
12/06/2024,Warmly,Book a demo - BDR,flatiron.com
12/09/2024,Warmly,"Product Features - Sales compensation automation, Book a demo, Product Features - Reporting and analysis",nepgroup.com
12/09/2024,Warmly,"Book a demo, LP - Sales Commission Software ",bd.com
12/09/2024,Warmly,LP - Sales Commission Software ,gilead.com
12/09/2024,Warmly,Product Features - Sales compensation automation,propertymasters.com
12/09/2024,Warmly,LP - Sales Commission Software - Brand,mindgeek.com
12/09/2024,Warmly,Product Features - Sales compensation automation,hpe.com
12/09/2024,Warmly,Everstage- Contact,cesltd.com
12/09/2024,Warmly,"Alternatives - Spiff-vs-everstage, LP - Sales Commission Software - Brand",irvinecompany.com
12/09/2024,Warmly,LP - Sales Commission Software ,yildiztech.com.tr
12/09/2024,Warmly,"Everstage - About, Everstage- Contact",athenahealth.com
12/09/2024,Warmly,Book a demo,celigo.com
12/09/2024,Warmly,"Alternatives - Captivateiq-vs-everstage, Product Features - Commission processing, Product Features - Sales compensation automation",stripe.com
12/09/2024,Websights,LP - Sales Commission Software,comey.com
12/09/2024,Websights,LP  - Salesforce Integration,shellpointmtg.com
12/09/2024,Websights,Performio vs Everstage - Book a demo,ebby.com
12/09/2024,Websights,LP - Sales Commission Software - Brand,crossbeam.com
12/09/2024,Websights,LP - Sales Commission Software - Brand,dealerspike.com
12/09/2024,Websights,LP - Sales Commission Software - Brand,primerevenue.com
12/09/2024,Websights,Book a demo,fractal.ai
12/09/2024,Websights,LP - Sales Commission Software - Brand,tipalti.com
12/09/2024,Websights,Book a demo,docusign.com
12/09/2024,Websights,Operations - Landing page,athenahealth.com
12/06/2024,Gartner,Commission Category,appliedsystems.com
12/06/2024,Gartner,Commission Category,hellolanding.com
12/06/2024,Gartner,Commission Category,levitate.ai
12/06/2024,Gartner,Commission Category,getrecharge.com
12/06/2024,Gartner,Competitor Profile - Xactly Incent ; Spiff,podium.com
12/06/2024,Gartner,Commission Category,botkeeper.com
12/06/2024,Gartner,Commission Category,instacart.com
12/06/2024,Gartner,Commission Category,influx.com
12/06/2024,Gartner,Commission Category,uniteus.com
12/06/2024,Gartner,Profile,biogen.com
12/09/2024,Gartner,Commission Category,jobnimbus.com
12/09/2024,Gartner,Commission Category,airswift.com
12/09/2024,Gartner,Commission Category,cohere.com
12/09/2024,Gartner,Commission Category,gwelectric.com
12/09/2024,Gartner,Commission Category,veed.io
12/09/2024,Gartner,Commission Category,snapraise.com
12/09/2024,Gartner,Commission Category,gainsight.com
12/09/2024,Gartner,Commission Category,verato.com
12/09/2024,Gartner,Commission Category,plaid.com
12/09/2024,Gartner,Commission Category,lionprotects.com
12/09/2024,Gartner,Commission Category,civica.com
12/09/2024,Gartner,Commission Category,discuss.io
12/09/2024,Gartner,Commission Category,intercom.com
12/09/2024,Gartner,Commission Category,data-axle.com